{
  "timestamp": "2026-05-28T17:22:40",
  "routing_accuracy": {
    "baseline": 0.375,
    "tqbc": 0.875
  },
  "token_savings_pct": 5.306122448979589,
  "calibration_ece": {
    "baseline": 0.1500000000000033,
    "tqbc": 0.4689312499999965
  },
  "strategy_diversity": {
    "baseline": 3,
    "tqbc": 2
  },
  "cache_quality": {
    "default_hit_rate": 0.23333333333333334,
    "quality_hit_rate": 0.282,
    "default_precision": 0.9428571428571428,
    "quality_precision": 0.9408983451536643
  },
  "thompson_stats": {
    "arms": {
      "local": {
        "n_observations": 7780,
        "weights": [
          -0.9415,
          -0.9415,
          0.0,
          0.1682,
          0.1682,
          0.1682,
          0.0505,
          0.0403,
          0.0844,
          0.0,
          0.3075
        ],
        "weight_norm": 1.4012,
        "avg_uncertainty": 14.7993
      },
      "cloud": {
        "n_observations": 8220,
        "weights": [
          1.5115,
          1.5115,
          0.0,
          -6.184,
          -6.184,
          -6.184,
          -28.7074,
          0.077,
          0.7742,
          0.0,
          0.6612
        ],
        "weight_norm": 30.7319,
        "avg_uncertainty": 15.9427
      }
    },
    "noise_var": 0.8129,
    "forgetting_factor": 0.995
  }
}